
INSERT INTO subscription (TYPE,DESCRIPTION,PRICE,STOCK) VALUES 
('BASICA', 'SOLO SE PUEDE COMPRAR 6 JUEGOS AL MES', 1500.00,999999),
('PREMIUM', 'SOLO SE PUEDE COMPRAR 20 JUEGOS AL MES 6 MAS 1 JUEGO DE REGALO MENSUAL', 3200.00,999999),
('DELUXE', 'SE PUEDE COMPRAR JUEGOS ILIMITADOS AL MES', 4999.00,999999);

INSERT INTO CATEGORY (CLASSIFICATION)VALUES
('AVENTURA'), 
('RPG'), 
('SHOOTER'), 
('DEPORTE'), 
('PELEA'), 
('ESTRATEGIA'), 
('SIMULACION'), 
('ARCADE'), 
('GUERRA'), 
('PLATAFORMA'), 
('CARRERAS'), 
('MUNDO ABIERTO'), 
('ACCION'); 


INSERT INTO GAME (ID_CATEGORY,NAME,DESCRIPTION, PRICE, STOCK,RELEASE_DATE) VALUES
(1,'HORIZON DOWN','JUEGO AMBIENTADO EN EL FUTURO DE AVENTURA, RPG EN TERCERA PERSONA', 8000.00, 10, '2014-10-1'),
(4,'FIFA 22','JUEGO DE FUTBOL', 10000.0,20, '2022-06-10'),
(1,'HORIZON FORBIDDEN WEST','jUEGO AMBIENTADO EN EL FUTURO DE AVENTURA, RPG EN TERCERA PERSONA, SIENDO LA SECUELA HORIZON DOWN ', 15000.0, 50, '2023-02-06'),
(3,'BORDERLANDS 3',' JUEGO DE SHOOTER, RPG EN SEGUNDA PERSONA AMBNIENTADO EN OTRO PLANETA', 8500.0, 20, '2019-11-20'),
(3,'BORDERLANDS 1','JUEGO DE SHOOTER, RPG EN SEGUNDA PERSONA AMBNIENTADO EN OTRO PLANETA', 5000.0, 14, '2009-09-02'),
(3,'BORDERLANDS 2','JUEGO DE SHOOTER, RPG EN SEGUNDA PERSONA AMBNIENTADO EN OTRO PLANETA', 5000.0, 20, '2012-10-15'),
(3,'THE DIVISION 2', 'JUEGOS DE SHOOTER ABIENTADO EN UN MUNDO POST APOCALIPTICO LUEGO DE UNA GUERRA ENTRE PAISES',7200.0, 87, '2014-10-01'),
(3,'RED DEAD REDEMPTION 2','JUEGOS DE SHOOTER AMBIENTADO EN LA EPOCA DE LOS VAQUEROS', 8500.0, 56, '2015-12-15'),
(4,'FIFA 23','JUEGO DE FUTBOL', 12000.0,45, '2023-07-05'),
(12,'GTA VICE CITY',' JUEGOS DE ACCION Y AVENTURA DE MUNDO ABIERTO',4500.0, 60, '2009-08-12'),
(12,'GTA V',' JUEGOS DE ACCION Y AVENTURA DE MUNDO ABIERTO',6000.0, 60, '2013-09-17'),
(11,'NEED FOR SPEET 4',' JUEGOS DE CARRERAS DONDE PUEDES COMPRAR VARIOS AUTOS',9500.0, 45, '2016-01-17'),
(7,'SIMS',' JUEGOS DE SIMULCION DONDE MANEJAS UN PERSONA COMO SI FUERAS TU',5000.0, 30, '2000-05-11'),
(7,'SIMS 2',' JUEGOS DE SIMULCION DONDE MANEJAS UN PERSONA COMO SI FUERAS TU',5000.0, 30, '2005-09-21'),
(5,'MORTAL KOMBAT 11','JUEGO DE LUCHA DESARROLADO POR NETHERREALM', 8000.0, 90, '2019-04-23');



INSERT INTO USER (DNI,FIRTS_NAME,LAST_NAME,DIRECTION,BIRTH_DATE,AGE,TELF,MAIL) VALUES
(30264523,'LUIS','HERRERA','ROOSEVELT 2541', '1998-10-05', 25, 1159101088, 'LUIS_HERRERA1@GMAIL.COM'),
(25414423, 'ALBERTO','MENDEZ','AV CABILDO 3219', '1990-02-01', 33, 1159101088, 'ALBERTOMENDEZ_02@GMAIL.COM'),
(28127945, 'AMANDA','RUIZ','BULNES 1988', '1992-03-16', 31, 1126418562, 'AMANDA_9203@GMAIL.COM'),
(11086306, 'Nat','Nolan','2675 Logan Lane','1982-3-6', 41, 1121654671, 'kurtis.simonis@gmail.com'),
(7717959, 'Darwin','Strosin','4904 Sycamore Lake Road', '1996-10-22', 25, 1159101088, 'geraldine.gislason@gmail.com'),
(3968568, 'Althea','Shields','618 Twin Oaks Drive', '1997-1-25', 26, 116526662, 'grant.eleonore@luettgen.com'),
(99710, 'Lula','Schmidt','1336 Golf Course Drive', '1999-09-20', 24, 1194975850, 'prosacco.pearlie@gmail.com'),
(7124080, 'Angus','Batz','379 Wilkinson Street', '1987-10-22', 37, 1125327009, 'reinhold57@yahoo.com'),
(15548, 'Jazmyn ','RAMIREZ','LA PAMPA 844', '1989-12-22', 34, 1105378822, 'abshire.mike@marvin.net'),
(10071086, 'Bailey','Rice','3864 Griffin Street', '1985-10-22', 37, 1177669127, 'fisher.thora@mante.com'),
(1404419, 'Cheyenne','Boyer','697 Shadowmar Drive', '1997-06-14', 26, 1195825349, 'mya10@yahoo.com'),
(9671499, 'Cleo','Leuschke','1070 Hilltop Haven Drive', '1997-12-08', 32, 1198716341, 'katheryn.huel@hotmail.com'),
(7867970, 'Prof. Ofelia ','Ward IVBIO','2575 Golf Course Drive', '1981-07-01', 42, 1162392714, 'heath.lesch@roob.com'),
(4509375, 'Yasmine','Dach','1171 Rubaiyat Road', '1985-04-29', 38, 1169803491, 'barrows.deanna@hotmail.com'),
(18468723, 'FABIO','RAMIREZ','LA PAMPA 841', '1987-10-22', 37, 1175907010, 'FABIORAMIREZ22@GMAIL.COM');


INSERT INTO BILL_USER_GAME(ID_BILL_USERG,TOTAL_PRICE, TOTAL_QUANTITY) VALUES
(1,13080,2),
(2,10000,2),
(3,29500,12),
(4,17000,2),
(5,4580,1),
(6,8000,2),
(7,4500,1),
(8,5000,5),
(9,6000,8),
(10,8500,2),
(11,15000,2);

INSERT INTO ORDER_GAME(ID_GAME,ID_USER,ID_BILL_USERG,QUANTITY,PRICE) VALUES
(5,30264523,2,1,5000.00),
(6,30264523,2,1,5000.00),
(3,28127945,3,1,15000.00),
(1,18468723,1,1,4580.00),
(1,7717959,5,1,4580.00),
(15,3968568,6,2,8000.00),
(10,99710,7,1,4500.00),
(13,7124080,8,5,5000.00),
(11,15548,9,8,6000.00),
(2,10071086,3,1,10000.00),
(3,1404419,11,2,15000.00),
(13,9671499,4,1,5000.00),
(9,7867970,4,1,12000.00),
(8,4509375,10,2,8500.00),
(4,18468723,1,1,8500.00),
(14,10071086,3,10,4500.00);

INSERT INTO BILL_SUSCRIPTION(ID_BILL_SUS, TOTAL_PRICE, TOTAL_QUANTITY) VALUES
(1,6499,3),
(2,4999,1),
(3,6499,2),
(4,1500,1),
(5,7900,3),
(6,1500,1),
(7,4700,2),
(8,4999,1),
(9,6499,2),
(10,1500,1);


INSERT INTO ORDER_SUSCRIPTION(ID_SUBSCRIPTION,ID_USER,ID_BILL_SUS,QUANTITY,PRICE) VALUES
(1,30264523,1,1,1500.00),
(3,25414423,2,1,4999.00),
(3,28127945,3,1,4999.00),
(1,28127945,3,1,1500.00),
(1,99710,4,1,1500.00),
(2,10071086,5,1,3200.00),
(1,9671499,6,1,1500.00),
(1,18468723,7,1,1500.00),
(1,10071086,5,1,1500.00),
(3,15548,8,1,4999.00),
(1,7867970,9,1,1500.00),
(2,18468723,7,1,3200.00),
(2,10071086,5,1,3200.00),
(3,30264523,1,2,4999.00),
(1,4509375,10,1,1500.00),
(3,7867970,9,1,4999.00);

